{
    "accuracy": [
        0.9636958722794344,
        0.9927070746536477,
        0.948899355495245,
        0.03020461188697629,
        0.04727383855377655,
        0.4539141923015675,
        0.20481982636544177,
        0.7882636058674083,
        0.8303930996770188,
        0.21804629184351934,
        0.5911614286851137,
        0.3610860098124805,
        0.6659702649709822
    ],
    "IoU": [
        0.9299149351517937,
        0.9857873527611367,
        0.7539076186528891,
        0.0010333333333333334,
        0.043706981174393915,
        0.4131831042375414,
        0.18578968044743563,
        0.675706978678233,
        0.6957760180203971,
        0.2008783673154899,
        0.5077983917790889,
        0.3279575626336021,
        0.4535551380165833
    ],
    "precision": [
        0.8648648648648649,
        0.863013698630137,
        0.5746753246753247,
        0.0,
        0.1111111111111111,
        0.5869565217391305,
        0.375,
        0.4326923076923077,
        0.7040816326530612,
        0.0,
        0.4830508474576271,
        0.5652173913043478,
        0.31444241316270566
    ],
    "recall": [
        0.8421052631578947,
        0.9264705882352942,
        0.5160349854227405,
        0.0,
        0.013513513513513514,
        0.5192307692307693,
        0.11811023622047244,
        0.2922077922077922,
        0.5348837209302325,
        0.0,
        0.2626728110599078,
        0.30952380952380953,
        0.18675352877307275
    ]
}