{
    "accuracy": [
        0.9585860944044844,
        0.9861928790653328,
        0.9033214312420883,
        0.0,
        0.0791667454301431,
        0.500598644644932,
        0.13154228175298532,
        0.6150666854916759,
        0.7101344453154252,
        0.35936813933552175,
        0.6277418438487504,
        0.19571354908537675,
        0.552809359099447
    ],
    "IoU": [
        0.9043333962611552,
        0.9716801312288185,
        0.6926329476679925,
        0.0,
        0.07007289499662575,
        0.4333911462792348,
        0.1223381702935035,
        0.5001263476548721,
        0.5328802082017333,
        0.3197942153296555,
        0.4556552004006917,
        0.16957062161887196,
        0.38930537421694694
    ],
    "precision": [
        0.8266666666666667,
        0.8513513513513513,
        0.421875,
        0.0,
        0.0,
        0.5909090909090909,
        0.15151515151515152,
        0.25252525252525254,
        0.5081081081081081,
        0.0,
        0.3984375,
        0.07142857142857142,
        0.20474777448071216
    ],
    "recall": [
        0.8157894736842105,
        0.9264705882352942,
        0.31486880466472306,
        0.0,
        0.0,
        0.5,
        0.03937007874015748,
        0.16233766233766234,
        0.3643410852713178,
        0.0,
        0.2350230414746544,
        0.023809523809523808,
        0.0749185667752443
    ]
}